seed,time,assessment
98079244,1:18,"Easy, smooth progress."
d7f8091b,1:40,Very easy; attention divided. Replay after a mistake about 12 seconds in.
c549b7c4,2:43,Harder than the easy pair; long opening of discards before the first cascade.
dcfeb188,2:19,Similar difficulty to the other medium; satisfying cascade.
93b24744,~3:40,"Harder than the mediums, but not exceptional; noticed a helpful shortcut. Mis-click at 3:17 interrupted the run."
e2a689dd,9:41,"Legitimately hard; satisfying final cascade. Proved a four-tile run, but inferred its orientation without fully checking it."
35adb143,5:22,Upper medium or lower hard; slow to notice a linchpin deduction midway through.
d49bc27a,1:42,Very easy.
be0e8074,7:42,"Hard; combined many clues mentally, without chalk marks. An accidentally correct deduction preceded a justified route by a few moves."
e7e2214f,2:14,"Medium, possibly lower medium; looked hard but unfolded nicely after a multi-clue insight. Combined time around a mis-click."
219558b4,~5:30,"Initially daunting, then opened up through a structural deduction. Mis-click at 4:59. Less difficult than the extreme score suggested."
1adb6058,,"Not difficult, but long-ish; easy side of medium felt accurate."
e581b64b,1:59,"Felt Medium; probably assumed the correct orientation of die-4, 1, 3 at the start. Accepted as easy Hard, with the lucky opening making the time inconclusive."
12357692,,Felt Medium.
64467f3d,2:47,Solidly Medium.
644f7f3d,6:11,"Hard; substantial chipping away and multi-clue deductions, without a major shortcut."
be0e8074,7:11 replay,Consistent with the original 7:42. Easy Hard or hard Medium both seemed defensible; repeatedly overlooked a useful discard. Replay was not blind.
154a1aae,3:07,High Medium / low Hard; nontrivial but not especially hard.
6ffbd6db,1:59,Medium; early placements followed by a discard stretch.
d8574052,4:29,Felt harder than the previous two.
50e8c8d9,3:28,Huge opening discard chain; never really stuck. Lower Hard later considered defensible.
403c07ef,2:13,Pretty easy; overlooked a useful connection. A boundary case.
82890831,6:58,"Clearly Hard; tight opening bottleneck, then a cascade."
2068ddf1,1:13,Super easy.
dccd2c9b,3:19,Upper Medium or lower Hard; some opening bottleneck and work after the cascade.
67d6cd2b,0:56,Emphatically Easy; almost no discards.
0a649ccc,3:35,Opening bottleneck; possibly missed connections around square.
02b839f1,7:46,Definitively Hard; struggled to find useful discards.
0e9f4c26,3:08,Harder than expected; replay suggested Easy was defensible after spotting an overlooked clue.
4e233909,3:50,Tough opening bottleneck; Hard felt defensible.
0a568040,3:48,"Easy opening, substantial mid-puzzle bottleneck; Medium felt plausible."
b91f28c7,2:59,Moderate bottleneck; Medium felt plausible.
8f859a04,,Easy undersold it; finding the right sequence through a bottleneck took time.
8da4603e,,"Definitely not Easy; many bottlenecks, but smooth progress once the right move was found. Medium felt reasonable."
ae48a08e,3:41,Felt like obvious placements were overlooked; set aside as inconclusive.
f8167b9b,1:45,Fairly easy; opening discards then smooth progress.
830cb2fb,2:21,Opening discards then opened up; a little harder than the preceding Easy example.
eeaf9adc,2:32,"Smooth start, then several discard patches; a little harder than the Easy example."
18530f24,1:11,Replacement for the first example; felt quite easy.
555dd3ae,,Felt much shorter than its discard stretch.
b73aa28a,1:36,"Easy, 1:36."
ec29e0c8,4:35,"Harder than expected, 4:35."
8b3e52f6,,Long but smooth; never felt stuck.
2916964e,1:41,Easy.
0fd2687a,2:12,Pretty easy; small bottleneck at the end. Upper Easy.
698db641,2:22 replay,"Very good Hard puzzle; long opening deduction bottleneck, then satisfying cascade. Logic error on first attempt, then restarted; time is not an independent first-play result."
9b6d3e95,3:48,Great Hard puzzle.
f83c8b35,2:37,"Solidly Medium, perhaps lower Medium; 2:37."
7c6a880e,1:44,"Easy/Medium cusp, leaning Easy. Some unlucky choices of direction early on; predictions were disclosed."
449f1018,,Felt Hard; repeatedly overlooked V < C in the current board state.
d49bc27a,,"Replay: still Easy, though less trivial than the initial very-easy impression."
18530f24,1:43,Replay: still Easy; original time was 1:11.
2916964e,1:41,"Replay: exactly the same time; Easy, probably upper Easy."
698db641,,Clarification: the early restart probably saved only 10–20 seconds; no thinking pause before the error. Hard assessment stands.
b91f28c7,,Replay: Hard considered justifiable.
c05619a9,2:36,Lower Hard. Substantial early discarding and tricky two-away deductions. Blind comparison.
124ad71b,1:28,"Easy, with a few brief pauses. Blind comparison."
7f50dd46,3:59,"Hard; long, tough opening. Blind comparison."
a19e574c,3:46,"Medium; harder than expected, possibly missed favorable opening deductions. Blind comparison."
34d5b404,1:05,Easy; entered the Pantheon.
82630241,,Easy.
5be42607,,"Felt Hard despite a Medium label; hard opening, easy finish."
d8861b7e,,Used a multi-clue deduction: x two away from both plus and division must be in the middle. Hints reached the same result via individual discards.
f2551f26,,"Hard felt fair, though not very hard; required thinking. Used a multi-clue deduction to put 6 in the middle."
4039805d,,Subjectively Hard; missed an available deduction at a bottleneck.
1566fa35,,"Hardest Easy in a while; easy opening, later bottleneck. On replay, likely missed removing diamond from column 5."
3f1ad099,,"Perfect Medium: a fair bit of discarding, a few semi-clever moments, never really stuck."
faef558e,2:38,"Hard felt fair but not torturous. Human shortcut: circle and die5 share a column and are two away from different letters, so must be in the middle."
3772d85c,,Medium felt right.
fbcf6d77,,Very bottlenecked at the shared position; Hard felt appropriate.
2b4ad928,,Easier than Hard implied; accepted as a boundary case.
e36efbeb,,Fairly easy despite Medium label; opening stretch felt shorter than measured.
